sentence,sentiment,category
artificial intelligence often depicted villain robot ready take world im tell ai actually save life improve health care million patient around world,postive,Healthcare
ai helping u personalize delivery care make hospital efficient improve access health care providing accurate decision making tool,postive,Healthcare
ai process educating computer model using complex large data set,neutral,Healthcare
model learns data training process build ability make decision predict outcome presented new data,postive,Healthcare
talking access computer model know based experience thousand patient whether treatment likely work work best patient based individual condition,postive,Healthcare
two room fact anywhere world alike,neutral,Healthcare
ai model helping doctor learn patient similar condition even similar genetic information,postive,Healthcare
make highly informed decision diagnosis treatment option,neutral,Healthcare
want talk starting use ai delivering care cancer patient,negative,Healthcare
cancer diagnosis immensely complicated doctor making decision diagnosing primary secondary cancer well patient understanding risk success rate treatment option,negative,Healthcare
developing ai model help u streamline process taking information number source,postive,Healthcare
involves feeding ai model data patient blood test xray image suspected lesion well generating information tissue biopsy,postive,Healthcare
train ar model rapidly consolidate information provide highly accurate prediction patient diagnosis treatment option likely succeed well prognosis,postive,Healthcare
let talk peter cancer patient he gone comprehensive clinical assessment imaging various diagnostic workups,negative,Healthcare
even best doctor town tell cancer primary site,negative,Healthcare
meaning cant get treatment specific cancer chance surviving another five year le ten,negative,Healthcare
team right brisbane developed tool using ai patient genetic information accurately identify cancer primary side peter empower doctor give peter treatment know going work,negative,Healthcare
type model expanded exponentially predict accurate health care,postive,Healthcare
mean using ai model understand whether certain population susceptible certain disease whether would respond favorably certain health care intervention,postive,Healthcare
ai giving u stability much refined detailed understanding human health weve ever,postive,Healthcare
catch immense promise ai implemented routine clinical practice,postive,Healthcare
existing regulation framework arent designed ai software intended diagnosing treating managing disease also known ai based software medical device,neutral,Healthcare
designed physical medical device like surgical implant software output every time patient clinician using,postive,Healthcare
traditional software aesthetic,neutral,Healthcare
sense developer release version software matter many time use would always output data,postive,Healthcare
hand ai software behave completely differently software health care intrinsic ability learn evolve time ideally becoming intelligent suited environment theyre used,postive,Healthcare
existing regulation framework rely static reproducible nature software prove safe implemented routine clinical practice,postive,Healthcare
regulatory authority solution lock learning potential algorithm implemented clinical practice,postive,Healthcare
mean model longer learn environment new data limit potential improve functionality accuracy know whole point ai,postive,Healthcare
time even harmful patient ai model longer trained date data potentially lead wrong diagnosis,negative,Healthcare
good news emerging regulation framework proposed implemented right game changer,postive,Healthcare
regulatory authority proposing using transparent reporting mechanism developer disclose model would learn evolve time combined ongoing real time monitoring make sure predict change actually occur software adaptive make much accurate prediction improve health care outcome,postive,Healthcare
also need make sure training data used algorithm representative entire human population,postive,Healthcare
let look mobile based diagnostics software developing right brisbane us ai detect skin cancer image youve taken iphone,negative,Healthcare
model trained predominantly caucasian population well think would african american asian patient,postive,Healthcare
ai developer huge responsibility make sure data bias doesnt exist model trained diverse robust data set representative entire population,postive,Healthcare
know white male,neutral,Healthcare
time understand entirely possible,neutral,Healthcare
skin cancer fact disproportionately affect caucasian population genetic difference,negative,Healthcare
result much larger datasets available patient,neutral,Healthcare
mean need build functionality ai model low confidence result asian patient example model capable saying dont know best guess based sku training population,postive,Healthcare
unfortunately functionality doesnt exist yet urgently needed mandated regulator,negative,Healthcare
successfully implement ai health care need establish new regulatory framework consultation ai developer health care practitioner policy advisor well patient bring best ai,postive,Healthcare
improved regulatory framework make sure diverse robust tool developed compliant adaptive serve whole population equally,postive,Healthcare
get right transform delivery health care promoting personalized health wellbeing advice,postive,Healthcare
im excited forefront translating amazing technology health care use help million life around world,postive,Healthcare
world facing big medical problem,negative,Healthcare
growing number patient enough doctor treat,postive,Healthcare
could artificial intelligence cure,postive,Healthcare
feel like im working forefront something could potentially revolutionary health care future,postive,Healthcare
ai power transform way patient diagnosed treat think become game changer,postive,Healthcare
make testing new medical procedure efficient effective get device developed faster better quicker huge benefit,postive,Healthcare
elaine mana blind one eye,negative,Healthcare
victim age related macular degeneration common cause blindness uk u,negative,Healthcare
went eye terrified,negative,Healthcare
bit,neutral,Healthcare
weeping rain thinking dont want,negative,Healthcare
year threat losing eye loomed large successful treatment enabled thankful seventy five year old see way high wire fundraising,postive,Healthcare
high sit wire europe,neutral,Healthcare
sky dive wing rule,neutral,Healthcare
doctor saved elaines eye say one lucky one,postive,Healthcare
nearly ten percent clinic appointment nh eye,postive,Healthcare
thats nearly ten million appointment per year,neutral,Healthcare
put brutally almost drowning number patient need see,negative,Healthcare
result patient unfortunately go blind delay seen treated pregnant mother left almost completely blind waiting care,negative,Healthcare
since given birth never seen daughter face,neutral,Healthcare
doctor keen belief there answer,postive,Healthcare
artificial intelligence,postive,Healthcare
partner developed ai diagnose fifty type eye disease,neutral,Healthcare
well doctor much much quickly,postive,Healthcare
ai system analyze retinal scan within second delineate different disease feature scan,neutral,Healthcare
human expert would probably take hour even day complete task,neutral,Healthcare
ai help address growing global challenge,postive,Healthcare
two thousand and twenty estimated five hundred and ninety-six million people distance vision impairment worldwide forty-three million blind two thousand and fifty figure set increase approximately fifty,postive,Healthcare
task take specialist doctor hour done second artificial intelligence,postive,Healthcare
eyesight,neutral,Healthcare
ai ability mine analyze patient data far quickly human mean diagnosis could improve many area medicine,postive,Healthcare
one thousand scan per day hospital,neutral,Healthcare
challenge get human expert able review scan also opportunity huge amount data perfect substrate development artificial intelligence system,postive,Healthcare
concern,neutral,Healthcare
particular threat privacy patient,negative,Healthcare
deepmind google ai company one doctor kims partner found fire,negative,Healthcare
"google deepmind search giant artificial pledge arm may received personally identifying medical record one million, six hundred thousand nh patient royal field hospital legally inappropriate basis",postive,Healthcare
unrelated work doctor kim deep mind currently facing legal use nh data,postive,Healthcare
yet data better protected ai capacity make patient care much better efficient,postive,Healthcare
world essentially much connected yet health care data siloed,postive,Healthcare
order taxi almost anywhere world using smartphones yet patient come eye hospital like morfields theyre also attending hospital theyve got cancer often cant easily connect data,negative,Healthcare
doctor keene hope latest collaboration machine learning startup bit found could join data dot better also improve patient privacy,postive,Healthcare
bit found kind switchboard,postive,Healthcare
essentially pas message someone want ask something data set owner data,postive,Healthcare
data never never leaf home location,neutral,Healthcare
data held hospital data ever leaf hospital,neutral,Healthcare
bitfound say technology could benefit like approving new treatment quickly safely,postive,Healthcare
patient losing lot fact ideal medical treatment coming market,postive,Healthcare
extra technical guarantee privacy preserving technique like found provide there real feeling around health care ecosystem could speed lot governance process,postive,Healthcare
two thousand and twenty-seven ai value health care market expected eight time bigger two thousand and twenty growth could also boosted clinician reduce dependence coder start develop ai system,postive,Healthcare
really exciting date retinal expert unable identify gender,postive,Healthcare
doctor kira oberne part team clinician managed google brain two thousand and eighteen develop ai recognize gender retinal scam something human member research group developed code free deep learning model accurately identified gender raffle image,negative,Healthcare
incredibly exciting positioning clinician develop model independently could really open door discovery disease pattern disease biomarkers,postive,Healthcare
new generation doctor believe empowering clinician way bring closer patient,neutral,Healthcare
generally clinician health care worker working face face patient understand patient need best,postive,Healthcare
therefore believe allow independently develop tool allow patient remain forefront everything,postive,Healthcare
world first handheld battery powered computer,neutral,Healthcare
able hold thousand data point,neutral,Healthcare
think potentially tipping point,neutral,Healthcare
little bit like tipping point saw late 1970s muting industry,postive,Healthcare
introduction first personal computer,neutral,Healthcare
empower people technology even primitive beginning come one hundred even one thousand application engineer would never thought,neutral,Healthcare
skeptical pinning hope fast ai,postive,Healthcare
issue ai model essentially black box happens theyre working well theyre working well question asked,postive,Healthcare
happens wrong decision made,negative,Healthcare
happens something wrong really trace back ensure accountability guarantee interpretability using black box model,postive,Healthcare
early day ai medicine could also improve testing new medical device,postive,Healthcare
long time ago one million year bc,neutral,Healthcare
everything absolutely free,postive,Healthcare
two thousand and twenty-one former part time singer model patricia walker artificial valve inserted heart save life,postive,Healthcare
needed new valve,neutral,Healthcare
one wasnt working dripping,neutral,Healthcare
feeling pain getting exhaustion getting worse,negative,Healthcare
although patricias operation success without risk cardiologist,postive,Healthcare
ai currently transforming health care industry way might imagined,postive,Healthcare
improved disease diagnose personalize treatment ai helping solve global health challenge,postive,Healthcare
"research confirms market ai health care expected reach forty-five billion, two hundred million two thousand and twenty-six",postive,Healthcare
beginning,neutral,Healthcare
video uncover ai already used health care industry future hold revolutionary technology,postive,Healthcare
let start,neutral,Healthcare
number one early disease prediction,postive,Healthcare
health care early detection disease crucial effective treatment improved patient outcome,postive,Healthcare
thanks advancement artificial intelligence ai digitalization healthcare system professional harness power ai analyze vast amount data swiftly accurately,postive,Healthcare
technological integration revolutionized disease detection particularly case like cancer,negative,Healthcare
employing sophisticated ai algorithm healthcare provider sift immense datasets uncover subtle pattern indicator disease,postive,Healthcare
enables identify condition like cancer nascent stage long symptom manifest visibly,negative,Healthcare
early detection capability paramount,neutral,Healthcare
allows timely intervention treatment plan potentially saving countless life,neutral,Healthcare
take mammogram instance,neutral,Healthcare
historically screening associated high rate false positive leading unnecessary anxiety medical procedure patient,postive,Healthcare
however integration ai accuracy mammogram interpretation skyrocketed impressive ninety-nine,postive,Healthcare
processing time reduced factor thirty,neutral,Healthcare
minimizes occurrence false alarm also streamlines diagnostic process ensuring individual receive appropriate care time,postive,Healthcare
number two medical diagnosis imaging,postive,Healthcare
recent statistic indicate significant portion medical provider approximately thirty-eight rely medical software integral component treatment protocol,postive,Healthcare
moreover overwhelming ninety health care data originate various imaging technology proving significance medical practice,postive,Healthcare
artificial intelligence ai emerges game changer domain,postive,Healthcare
augmenting traditional diagnostic method advanced capability,postive,Healthcare
integration ai medical imaging software give birth new era enhanced efficiency accuracy diagnostics,postive,Healthcare
leveraging ai algorithm diagnostic test transform becoming automated precise expedient,neutral,Healthcare
reduces wait time patient also minimizes likelihood human error thereby enhancing overall diagnostic accuracy,negative,Healthcare
ai impact medical diagnosis extends across various application,postive,Healthcare
ai powered chatbots serve virtual medical assistance adapt engaging patient comprehending symptom recommending optimal course action,postive,Healthcare
facial recognition software represents another innovative application facilitating identification rare disease detection distinctive facial feature,postive,Healthcare
also deep learning algorithm analyze vast amount oncology data identify pattern detect cancerous tissue accurately traditional method,neutral,Healthcare
allows proceed diagnosis improve patient outcome,postive,Healthcare
additionally inner guy ai algorithm manual microscopic observation pathologist accelerate diagnosis process,neutral,Healthcare
number three robotic assistance surgery,postive,Healthcare
utilising robotics system surgeon perform complex procedure unprecedented precision accuracy leading better outcome patient,postive,Healthcare
robotic system equipped advanced imaging capability allowing surgeon visualize surgical site high definition real time,postive,Healthcare
enhanced visualization enables navigate delicate tissue structure greater accuracy reducing risk damage surrounding healthy tissue,postive,Healthcare
addition robotic assistance reduce complex nature surgery leading smaller incision reduced trauma faster healing,negative,Healthcare
patient also experience le blood loss lower rate complication robotic assisted surgery traditional open surgery,negative,Healthcare
beyond operating room benefit robotic assistance ai extend various aspect health care delivery,postive,Healthcare
technology facilitate remote consultation telemedicine telesurgery enabling patient access specialized care regardless geographic location,postive,Healthcare
also support development personalized treatment plan predictive analytics,postive,Healthcare
helping health care provider anticipate prevent adverse event,postive,Healthcare
number four ai biotech,postive,Healthcare
use ai machine learning biotechnology transforming medication development evidenced morgan stanley forecast fifty one billion industry development multiple new drug next decade,neutral,Healthcare
move potential transform life doctor patient suffering difficult condition,negative,Healthcare
impact evident various way significantly boosting success rate early stage drug development offering cost saving payors earlier detection treatment high risk patient,postive,Healthcare
ai driven drug development progress long standing challenge traditional research development promising increased success rate cost effective discovery method,postive,Healthcare
example pfizer prominent covid nineteen vaccine developer utilizes ibm machine learning platform expedite optimize drug discovery process,postive,Healthcare
number five personalized health care service,postive,Healthcare
numerous institution brink integrating health care software developer system embrace personalized health care intervention,postive,Healthcare
leveraging extensive health care data allows profound insight facilitate tailored treatment plan individual,postive,Healthcare
production wearable technology wrist band sensurized insole like foot innovative like levi google jacquired smart jacket contributes generation additional data stream,postive,Healthcare
wearable empower user furnishing cation personalized diet regimen exercise routine generated offering user actionable insight optimize health wellness journey,postive,Healthcare
consider scenario person let call sarah wear smart wristband monitor heart rate sleep pattern physical activity,postive,Healthcare
additionally sarah utilizes sensurised insole daily run capture data gate foot pressure distribution,negative,Healthcare
combining information dietary intake tracked via mobile app ai driven healthcare platform analyzes sarah data holistically based unique physiological response lifestyle choice,neutral,Healthcare
platform generates personalized recommendation,neutral,Healthcare
may include tailored exercise routine dietary adjustment sleep optimization strategy ensuring sarah receives optimized health care solution tailored individual need preference,postive,Healthcare
number six administrative application,postive,Healthcare
artificial intelligence revolutionizing various administrative aspect health care,postive,Healthcare
implementing ai task data entry claim processing appointment scheduling automated,neutral,Healthcare
automation allows healthcare provider organization allocate time toward patient care revenue cycle management,postive,Healthcare
additionally ai potential minimize human error offering faster method examine health record medical imaging claim processing test result,negative,Healthcare
granting medical professional autonomy workflow ai enhances quality patient care maintaining budget efficiency,postive,Healthcare
ability ai analyze patient medical history deliver swift improved outcome reshaping health care provision enabling practitioner dedicate resource time,postive,Healthcare
patient,neutral,Healthcare
ai spearheading advancement patient care medical professional confidently focus delivering quality care also saving time money ai powered administrative task,postive,Healthcare
automation monotonous administrative responsibility artificial intelligence potential assist medical practitioner saving time money well granting greater control workflow procedure,postive,Healthcare
looking ahead advancement artificial intelligence healthcare field opened new opportunity enhancing medical process,postive,Healthcare
ai powered tool smart algorithm interpret extensive datasets come play possibility applying health care boundless,postive,Healthcare
deep learning ai potential help disease detection create customized treatment strategy even automate task like drug exploration diagnosis,postive,Healthcare
ai also offer hope elevating page result enhancing safety diminishing health care expense,postive,Healthcare
undoubtedly potential innovation health care using artificial intelligence promising,postive,Healthcare
progress connected digital era integration ai health care sector revolutionize way doctor provide treatment care patient,postive,Healthcare
immense possibility becomes apparent utilization artificial intelligence health care bring forth advancement enhance health outcome ultimately improve overall patient experience,postive,Healthcare
important note ai health care face significant obstacle go beyond question whether technology posse enough capability beneficial,postive,Healthcare
instead real challenge lie guaranteeing integration everyday clinical practice,postive,Healthcare
time health care practitioner might move towards duty demand distinct human ability utmost level cognitive function,postive,Healthcare
provider fail fully benefit ai health care may reject idea collaborating alongside,postive,Healthcare
made far let u know think comment section,neutral,Healthcare
interesting topic make sure watch recommended video see screen right,postive,Healthcare
thanks watching,postive,Healthcare
hi,neutral,Healthcare
name tagogo alltrade following collaboration youtube channel called fusion abc,neutral,Healthcare
artificial intelligence become transformative force across various industry,postive,Healthcare
generative system like chatgpt mid journey taking world storm there unsettled feeling pace advancement potential use abuse there another side ai,negative,Healthcare
side benefit u,postive,Healthcare
ai healthcare one area,neutral,Healthcare
imagine second ai system interpret brain signal order make paralyzed man stand walk,neutral,Healthcare
another ai system also interpret brain wave time interprets brain signal english language,neutral,Healthcare
sound like science fiction right ai field medical field merge yield powerful result,postive,Healthcare
integration ai health care potential revolutionize way diagnose treat manage patient improved diagnostics personalized medicine drug discovery efficient hospital management future potential series well take look could mean future health care well drawback,postive,Healthcare
let take look,neutral,Healthcare
ai powered tool aid diagnostic process making faster accurate,neutral,Healthcare
core machine learning algorithm analyze fast amount data make sense data recognize pattern form prediction,neutral,Healthcare
medical field data medical image genetic information biomarkers,neutral,Healthcare
cool thing see pattern human might miss,postive,Healthcare
example ai shown remarkable success diagnosing skin cancer image detecting early stage lung cancer ct scan improved diagnostics lead earlier treatment better patient outcome,postive,Healthcare
ai also potential make healthcare personalized tailoring treatment plan individual,neutral,Healthcare
done factoring unique genetic environmental lifestyle factor,neutral,Healthcare
analyzing huge amount patient data ai identify correlation specific gene mutation disease outcome,postive,Healthcare
could lead new specific gene targeted therapy,neutral,Healthcare
recent study published doctor skelikov doctor charles vendetti national human genome research institute america,neutral,Healthcare
found ai algorithm given genetic data became great distinguishing mild severe case propionic acidemia something virtually impossible,postive,Healthcare
reason there enough research,neutral,Healthcare
disease affect one hundred and twenty thousand people worldwide,neutral,Healthcare
doctor van ditti explains,neutral,Healthcare
quote use machine learning make kind useful prediction rare disease even little data would make boon common condition like cancer hypertension diabetes,postive,Healthcare
personalized approach could lead effective treatment fewer side effect ultimately improving patient care reducing health care cost,postive,Healthcare
developing new drug costly time consuming process ai accelerate,negative,Healthcare
analyzing vast amount data ai identify potential drug candidate efficiently,postive,Healthcare
local csiro developed software provides data cell aid drug discovery biological research,neutral,Healthcare
university sydney teamed pharos therapeutic using artificial intelligence boost search cancer treatment together want set state art drug discovery infrastructure,postive,Healthcare
ai algorithm predict interaction drug target,neutral,Healthcare
allows researcher identify promising compound reduces trial error,neutral,Healthcare
course ultimately shortens time take new drug hit market,neutral,Healthcare
ultimately benefiting patient need new novel treatment,postive,Healthcare
broadly speaking ai also utilized optimize hospital management patient care analyzing data patient flow bed occupancy staff schedule,postive,Healthcare
ai help hospital allocate resource efficiently ultimately reducing wait time improving patient satisfaction,postive,Healthcare
hospital around world numerous effort going,neutral,Healthcare
there even open source model created micro soft new analytics,postive,Healthcare
additionally ai used predict patient outcome,neutral,Healthcare
allows doctor make informed decision patient care discharge determine patient require intensive monitoring,postive,Healthcare
said ai isnt perfect,negative,Healthcare
still hurdle need overcome,neutral,Healthcare
one large amount patient data ai system raise concern regarding data security course privacy,postive,Healthcare
often rely network thats vulnerability,negative,Healthcare
though view think stand alone intra network even offline ai system around corner theyll powerful enough get job done,postive,Healthcare
secondly ai still need human supervision,neutral,Healthcare
know technology starting going make mistake dire consequence medical industry,negative,Healthcare
lastly considering treatment specific patient might consider illness,negative,Healthcare
sometimes societal economic social patient history factor come play,postive,Healthcare
information may hard access ai,negative,Healthcare
order ai capture information perhaps new data entry may needed,neutral,Healthcare
let finish couple interesting story,postive,Healthcare
google australia partnered australian leader hearing including cochlear macquarie university hearing national acoustic laboratory next sense shepard center come together google explore new application ai machine learning hearing solution,postive,Healthcare
"goal enhance hearing technology provide personalized health care one billion, five hundred million people globally hearing loss",postive,Healthcare
first project focus personalizing hearing model better address individual listening need explore new application ai prioritize sound filter background noise,postive,Healthcare
abroad research university texas developed groundbreaking brain decoder system us ai decode person brain activity thought continuous understandable stream text,neutral,Healthcare
pretty wild,postive,Healthcare
give little taste future meet forty year old gert jan oskam,neutral,Healthcare
told would never walk breaking neck traffic accident ten year ago,negative,Healthcare
thanks ai acting bridge brain muscle stand climb stair walked,postive,Healthcare
express feeling,postive,Healthcare
quote month ago able first time ten year stand beer friend,postive,Healthcare
pretty cool,postive,Healthcare
think kind progress get behind,postive,Healthcare
conclusion see ai powerful tool healthcare industry,postive,Healthcare
drawback promise,postive,Healthcare
two thousand and twenty australian government pledged nineteen million transformative medical research project,neutral,Healthcare
good start imagined progress come private sector,postive,Healthcare
startup would simple effective idea,postive,Healthcare
example pearly manages oral health us artificial intelligence scan photo teeth check dental issue tooth decay gensivitis others,postive,Healthcare
little thing like make excited ai health care future know well see,postive,Healthcare
anyway thats end video today,neutral,Healthcare
thanks watching,postive,Healthcare
want see next episode series find description,postive,Healthcare
benefit artificial intelligence health care,postive,Healthcare
history word disease go back 16th century,neutral,Healthcare
disease since beginning life health care develop match speed disease get aggressive,postive,Healthcare
talk ai helping u field health,postive,Healthcare
welcome medilab zone,postive,Healthcare
let tell benefit artificial intelligence health care,postive,Healthcare
numerous potential application artificial intelligence discipline medicine health care thanks development analytical computing technique explosion data health care organization,postive,Healthcare
let start list,neutral,Healthcare
ai help number one surgery,postive,Healthcare
ai helped achieving great success robotic surgery,postive,Healthcare
robot delicate surgery advancement electronic technology,postive,Healthcare
robot still operated surgeon perform micro dissection access tiny area human hand would find impossible,postive,Healthcare
robotic arm capable performing intricate procedure brain heart absolute accuracy,postive,Healthcare
demonstrated lessen complication danger blood loss,negative,Healthcare
data robotic procedure easily stored digital medium help surgeon education training,postive,Healthcare
number two medical imaging,postive,Healthcare
ai solution used medical imaging support labor intensive image scanning case triage surfacing valid insight help radiologist identify critical case first make accurate diagnosis possibly avoid error utilizing breadth complexity electronic health record large data set hundred photo produced conventional clinical trial creating huge volume data need reviewed,postive,Healthcare
study entire healthcare sector examined pattern hidden link using ai algorithm speed process finding important information imaging specialist,postive,Healthcare
number three diagnosis treatment,postive,Healthcare
past fifty year disease diagnosis treatment center artificial intelligence health care,postive,Healthcare
even early rule based system could effectively diagnose treat disease,postive,Healthcare
clinical practice fully embrace,postive,Healthcare
werent noticeably accurate diagnosing human,neutral,Healthcare
interaction physician workflow health record system wasnt great,negative,Healthcare
however whether rule based integrated clinical practice diagnostic purpose making treatment plan,neutral,Healthcare
medical saw supplier offer large number independent ai health care capability diagnosis treatment focused single discipline medicine,postive,Healthcare
number four accelerated drug development,postive,Healthcare
conventional method producing medication frequently unreasonably expensive time consuming,neutral,Healthcare
present significant obstacle never say next pandemic would hit u,negative,Healthcare
"usually treatment typically tested clinical setting two billion, six hundred million ten drug subsequently sold",neutral,Healthcare
two thousand and seven robot called adam could combine one billion data point investigating diverse role yeast identify nineteen gene make yeast forecast nine new precise idea,neutral,Healthcare
eve another robot discovered triclosin substance frequently present toothpaste efficient parasite related malaria via study,postive,Healthcare
discovery make manufacturing medication fast,neutral,Healthcare
also cost fraction past cost proving ai sustain expanding significance area medicine,postive,Healthcare
number five expanding access healthcare underserved region,postive,Healthcare
lack qualified medical professional radiologist ultrasound technologist severely restrict access lifesaving care underdeveloped country world,negative,Healthcare
ai help taking diagnostic task traditionally assigned human,postive,Healthcare
combine medical imaging like,postive,Healthcare
example ai imaging technology may frequently achieve level accuracy equivalent people screening chest x ray indication tuberculosis,neutral,Healthcare
skilled diagnostic radiologist wouldnt necessarily need present capability could implemented app made available health care professional underdeveloped region,postive,Healthcare
way ai beat medical professional shortage rural area,negative,Healthcare
number six clinical decision making,postive,Healthcare
time resource required ass diagnose patient decreased using artificial intelligence health care activity,postive,Healthcare
allows medical professional respond quickly save life,postive,Healthcare
algorithm use machine learning identify danger much accurately quickly traditional procedure,negative,Healthcare
implemented properly algorithm speed diagnosis reduce diagnostic error,negative,Healthcare
also ai enabled technology assemble sort vast amount clinical data give doctor comprehensive picture state patient population health,postive,Healthcare
help technology care team may obtain timely nearly timely information used improve patient outcome,postive,Healthcare
number seven data collection administrative task,postive,Healthcare
might know two third doctor time spent paperwork additional two hour also spent documentation every hour spent patient,neutral,Healthcare
huge waste time,negative,Healthcare
solved ai reduce stress data collecting free time doctor employee focus activity,postive,Healthcare
go administrative task,neutral,Healthcare
ai potent administrative worker,neutral,Healthcare
use prior authorization clinical recording revenue management medical record management schedule optimization billing claim processing,postive,Healthcare
ai identify patient health plan medical benefit service go benefit require authorization,postive,Healthcare
ai also assist gathering paperwork patient history data medical approval,postive,Healthcare
number eight getting real time data,postive,Healthcare
need reliable data time identify problem solve soon possible using effective way,postive,Healthcare
ai help doctor medical professional make critical therapeutic decision quickly effectively using real time precise data,postive,Healthcare
producing quick realistic result reduce patient wait time improve preventative action reduce cost,postive,Healthcare
real time analytics support stronger physician patient relationship,postive,Healthcare
important health information made available via mobile device patient involved treatment,postive,Healthcare
cell phone notification doctor nurse informed life threatening change patient status emergency,negative,Healthcare
process become easy almost people access gadget sensor gather important information health,postive,Healthcare
growing amount health related data produced go wearable monitor heartbeat constantly cell phone step tracker data gathered analyzed supplemented patient provided data apps home monitoring device,postive,Healthcare
provide distinctive view individual population health,neutral,Healthcare
however might necessary put little extra effort assist patient feel comfortable sharing data close ongoing monitoring,postive,Healthcare
number nine providing virtual nursing assistance,postive,Healthcare
eighty nine percent u people also google symptom self diagnose problem seeing doctor,negative,Healthcare
diagnosis correct useless act prevented using virtual nursing assistance,negative,Healthcare
keep track patient health metric prescription usage lifestyle choice using ai health care analytics stop progression chronic illness make necessary visit,negative,Healthcare
track patient weight blood pressure parameter produced monitoring device represented avatar offer remote support common medical issue,postive,Healthcare
molly prime illustration multifaceted virtual nurse,neutral,Healthcare
allows simply schedule doctor visit privately discus health demand may,negative,Healthcare
sixty four percent patient feel ease getting instruction molly,postive,Healthcare
get outperformed virtual nurse twenty-four hour access medical assistant monitor patient condition continuously,neutral,Healthcare
number ten research,postive,Healthcare
ai enables researcher gather enormous amount data numerous source,neutral,Healthcare
capacity use big expanding data collection allows precise analysis fatal disease,negative,Healthcare
researcher profit abundance data currently available,postive,Healthcare
technology aid medical practitioner managing enormous datasets also developed group engaged medical research,postive,Healthcare
general benefit ai health care cant skip saying much help reduce stress medical practitioner,postive,Healthcare
deadline work related variable put strain half primary care physician ai help streamline process automate task share data quickly organize operation dont juggle many task,postive,Healthcare
yes ai much field health care,postive,Healthcare
hope educational give thumb think useful,postive,Healthcare
meet bye bye,neutral,Healthcare
