sentence,sentiment,category
impact artificial intelligence creative industry subject prompted widespread anxiety job loss death imagination world fashion exception,negative,Fashion
monthslondon fashion week marking event 40th anniversary showcase host aigenerated outfit industry insider expressed growing optimism technology sector improving diversity shortening path design desk shop floor,neutral,Fashion
head london college fashionsinnovation agency matthew drinkwater belief ai prove hugely beneficial tool creative process industry whole,postive,Fashion
opened door nontraditional pathway fashion industry people couldnt get let face industry perception feeling quite elitist quite exclusive expensive industry get,negative,Fashion
tool allowing people different background begin foothold industry,neutral,Fashion
feel really new exciting said,postive,Fashion
brand heliot emil zara hm already using ai control supply chain say promotes sustainability reducing overstock waste,negative,Fashion
many brand also using ai help design process image clothes generated typed prompt visualising different material pattern,postive,Fashion
allows designer make informed decision physically producing clothes,neutral,Fashion
consultancymckinsey predictedlast year generative ai term technology produce convincing image text audio simple human prompt could add 150bn 275bn 120bn 220bn operating profit fashion luxury sector within next three five year,postive,Fashion
predicting future fashion trend creating virtual tryons using ai also predicted around corner,neutral,Fashion
drinkwater working team look ai could change industry testing generative ai ability create clothing year,neutral,Fashion
scraping website try get lot data could create dress forty thousand image,neutral,Fashion
actually really hard work four year ago open laptop even smartphones start generating image quickly drinkwater said,postive,Fashion
typically take stuff maybe three five year away commercialisation begin show research project around future industry might move added,negative,Fashion
april last year cyril foirets generative ai studio maison meta hosted first ai fashion week new york included competition aspiring designer use ai create fashion line,postive,Fashion
winner able collection physically manufactured sold online retailer revolve,postive,Fashion
industry ai come associated job redundancy critic argue creative artistry could wiped,postive,Fashion
foiret argues little fear,negative,Fashion
ai powerful tool amplifying creativity,postive,Fashion
people thinking job going reduce shouldnt think like,neutral,Fashion
need get accustomed tool tool without person behind use said,negative,Fashion
sign tofashion statement,neutral,Fashion
style substance whats really trending week roundup best fashion journalism wardrobe dilemma solved,postive,Fashion
newsletter promotion,neutral,Fashion
arti zeighami former chief data analytics officer hm senior adviser ai consulting firm bcg agrees ai used force good within fashion,postive,Fashion
transparent ai help people afraid allows comfortable still feel control transformation mindset human important said,postive,Fashion
ai evolve technology either way need evolve alongside havent come terminator stage yet least,negative,Fashion
tucs ai lead mary tower said ai could useful aid worker creative sector shouldnt hijacked replace human creativity,postive,Fashion
need new law ensure worker art including fashion consulted properly compensated work intellectual property used ai said,postive,Fashion
already seen performer uk image voice likeness reproduced ai technology without consent,neutral,Fashion
cant afford become norm industry,neutral,Fashion
thats urgently need fresh regulation protect worker creativity copyright,postive,Fashion
alexsandrah never really wanted model,negative,Fashion
first scouted thirteen young adult turned initial two opportunity,postive,Fashion
finally decided give go,neutral,Fashion
got lose,neutral,Fashion
see go told,neutral,Fashion
full time industry londonbased model taking another chance career creating virtual aigenerated version,postive,Fashion
hope secure future modelling,postive,Fashion
ai version kind keep safe explains,postive,Fashion
benefit literally ai version im cut anything,neutral,Fashion
proceeds proceeds made coming,neutral,Fashion
dont travel dont airport run dont anything,neutral,Fashion
give people opportunity also live life thing two place time add,postive,Fashion
alexsandrah say one first market virtual version client industry become one latest keep watchful overtheshoulder eye growth ai,postive,Fashion
nearly three quarter fashion executive survey published management consultancymckinseyin november last year said ai priority company two thousand and twenty-four,postive,Fashion
quarter said already used creative design development,postive,Fashion
behind alexsandrahs virtual twin cameron wilson founder chief executive ai 3d modelling agency diigitals,negative,Fashion
company found first taste global success two thousand and seventeen launch shudu marketed world first digital supermodel,postive,Fashion
counting two hundred and fifty thousand people among instagram follower shudu virtual influencer fronted campaign balenciaga lexus balmain without criticism,neutral,Fashion
time created shudu created huge amount comment white person could create black virtual character cameron explains,postive,Fashion
happened really made think creating character ethical way implication future,postive,Fashion
online backlash shaped latest work alexsandrah paid image used campaign photoshoots ai twin appears,postive,Fashion
trying show business brand magazine still use ai real model together encourage fair use ai rather doom gloom job taken away say,postive,Fashion
protection job something group representing industry model makeup artist hairstylist want see,neutral,Fashion
read story artificial intelligence,negative,Fashion
equity represents fashion model uk tell bbc lobbying uk government bring law strengthen right performer,postive,Fashion
encourage member sign away right ensure image used based fair pay fair condition usage say spokesperson group,postive,Fashion
meanwhile british fashion model agent association urge caution growth ai,neutral,Fashion
burying head sand ai coming industry need prepared adapt business model reflect say director john horner,neutral,Fashion
perceived threat ai fashion industry came head last year fashion brand levi announced would using ai generate model diverse body type skin tone increase representation product model,neutral,Fashion
anger within modelling worldfollowedwith accusation laziness levelled brand online describing technology perpetuating racism,negative,Fashion
levi backtracked said committed using ai technology equitably transparently,neutral,Fashion
josephine markham webster bos mentor model agency sheffield voice anger time think ai generated model step backward industry,negative,Fashion
work done last year diversity representing woman men different body shape different size different look say,neutral,Fashion
ai version model taking away,neutral,Fashion
backwards move,neutral,Fashion
going back using ideal standard model,postive,Fashion
real dress size,postive,Fashion
real skin,postive,Fashion
real beauty,postive,Fashion
think going damaging people modelling,neutral,Fashion
there denying demand virtual model influencers growing,neutral,Fashion
october last year facebook instagram owner meta announced latest attempt merge real virtual world introducing team ai chatbots modelled celebrity including snoop dogg kendall jenner bear grylls,postive,Fashion
reportssuggest celebrity paid much 5m Ã¢396m likeness,postive,Fashion
brand really looking character exist social medium really engage audience often bring awareness certain thing say mr wilson,postive,Fashion
one latest client charity down syndrome international,postive,Fashion
worked create world first virtual influencer down syndrome kami,postive,Fashion
along one hundred different woman down syndrome community explains,negative,Fashion
try create character looking ethical perspective,postive,Fashion
bring awareness space,neutral,Fashion
impact space better,postive,Fashion
summary piece examines extensive influence ai fashion industry creative sector depth supply chain,postive,Fashion
highlight ai significance new frontier enterprise technology offering invaluable strategic advantage various fashion domain,postive,Fashion
insightful analysis uncovers nongenerative application ai promise revolutionize standard practice addressing creative logistical concern explores implication sustainability ethical discourse within hightech fashion realm,postive,Fashion
artificial intelligence reshaping creative aspect fashion image video generation poised transform entire fashion ecosystem,negative,Fashion
brand designer supplier look ai competitive edge scope influence vast touching area chemistry inventory planning garment production customer personalization,postive,Fashion
generative ai garner much attention revolutionizing design promotional content understated counterpart nongenerative ai hold immense potential revolutionize backend operation,postive,Fashion
fashion industry delf deeper ai capability stakeholder seeking comprehensive knowledge spanning history deep learning ethical legal impact,postive,Fashion
ass critical development ben hanson editorinchief interline led 45minute discussion educate address question surrounding pressing topic,neutral,Fashion
hansons talk promised enlightening overview ai rapid escalation importance providing fashion professional insight ai current application glimpse future advancement,postive,Fashion
importantly session encouraged dialogue surrounding ai role sustainability ethical challenge issue forefront modern fashion agenda,postive,Fashion
artificial intelligence fashion industry,negative,Fashion
fashion industry one dynamic sector global economy advent artificial intelligence brought unprecedented change vibrant field,postive,Fashion
infiltration ai span entire value chainfrom design conception trend forecasting supply chain management customer engagement,neutral,Fashion
incorporating ai allows business harness power datadriven decisionmaking predictive analytics automated process thereby providing substantial strategic advantage,neutral,Fashion
industry market forecast,neutral,Fashion
market forecast predict ai fashion industry continue grow impressive rate,postive,Fashion
surge online shopping customized offering demand seamless customer experience driving expansion,postive,Fashion
according various research report global ai fashion market projected reach multibillion dollar figure mid2020s growing compound annual growth rate twenty,neutral,Fashion
influence ai extends sustainable fashion technology help brand monitor optimize environmental footprint,neutral,Fashion
leveraging ai material selection production method waste management fashion company setting new benchmark ecofriendly practice,negative,Fashion
issue fashion industry,neutral,Fashion
however proliferation ai also raise several issue,neutral,Fashion
ethical concern regarding data privacy biased algorithm job displacement increasingly scrutiny industry expert policymakers consumer,postive,Fashion
addition high cost implementing cuttingedge ai technology pose significant challenge smaller brand,postive,Fashion
sustainability another critical issue,neutral,Fashion
although ai potential contribute sustainable practice ongoing debate overall environmental impact data center machine learning process,negative,Fashion
brand tasked balancing innovation responsibility environment society,neutral,Fashion
conversation ai role fashion industry dynamic multifaceted addressing creative logistical ethical dimension,postive,Fashion
ben hansons discussion editorinchief interline underscore need continuous education sharing knowledge navigate complexity introduced aia reflection industry commitment evolving responsibly,postive,Fashion
interested broader trend research within industry valuable resource found visiting official website global industry group market research firm,postive,Fashion
credible source fashion industry news analysis accessed thebusiness fashionwebsite,postive,Fashion
learn global market insight forecast consider visiting site renowned market research firm asgrand view research,negative,Fashion
embracing ai fashion industry signifies monumental shift promising new horizon also compelling sector navigate intricacy hightech future wisdom foresight,postive,Fashion
jerzy lewandowski visionary realm virtual reality augmented reality technology made significant contribution field pioneering research innovative design,postive,Fashion
work primarily focus enhancing user experience interaction within virtual environment pushing boundary immersive technology,postive,Fashion
lewandowskis groundbreaking project gained recognition ability merge digital physical world offering new possibility gaming education professional training,postive,Fashion
expertise forwardthinking approach mark key influencer shaping future virtual augmented reality application,neutral,Fashion
new york city usa last week fashion world descended new york city new york fashion week nyfw,postive,Fashion
biannual event celebrated best industry showcased hottest trend season,postive,Fashion
nyfw massive money maker city fashion industry large,postive,Fashion
average event brings staggering 600m annually,negative,Fashion
regardless stark economic cultural value event brings overshadowed existential threat hitting sector like medium tech artificial intelligence eroding existing job limiting work opportunity future,negative,Fashion
behind glitz glamour lie fear large part led writer guild screen actor guild strike past year protection one likeness,negative,Fashion
body business image manipulated sold without permission violation right sara ziff founder executive director model alliance said statement,postive,Fashion
yve edmond model based new york city,postive,Fashion
say new era aidriven modelling lot room exploitation,postive,Fashion
people industry body scanned photo collected year gone create virtual self yet ownership,neutral,Fashion
claim edmond told al jazeera,neutral,Fashion
shes worried could undermine work opportunity model near future,postive,Fashion
model image measurement posture body shape brand,neutral,Fashion
many case somebody take ownership brand without knowledge without compensation,postive,Fashion
literally competing market edmond added,neutral,Fashion
edmond among many model eager reform pushing fashion worker act new york state,postive,Fashion
among larger change would provide new safeguard would protect model client may try use image without permission,postive,Fashion
act would require model give clear written consent digital replica respective likeness,postive,Fashion
would also require client outline intend use image,neutral,Fashion
mind behind legislation model alliance,negative,Fashion
introduced fashion worker act create basic labour protection model content creator working industry infamously operates without oversight,negative,Fashion
misuse generative ai present new challenge allow go unregulated ziff model alliance said,postive,Fashion
bill authored state senator brad hoylmansigal would change fashion industry work one single iconic fashion city world rivalling city like paris milan,postive,Fashion
model argue would also protect signing onto unfair contract alternative work,negative,Fashion
dont want end world model feel like forced give consent wont get paid model sinead bovell told al jazeera,negative,Fashion
passed would statelevel law help set stage global push,neutral,Fashion
use ai spread across sector ranging medium customer service business leader argue help improve workflow help worker job get easier help new tool,postive,Fashion
yet reflected data,neutral,Fashion
according november survey resume builderroughly onethirdof business leader say ai lead layoff year alone,neutral,Fashion
concern flaring global fashion ai pose existential threat undermining work opportunity around globe especially community colour,neutral,Fashion
model like bovell fought inclusivity fashion voiced concern,neutral,Fashion
youre going company take advantage sacrifice real human model instead kind generate diverse identity front end bovell said,postive,Fashion
might brand profiting marginalised identity community without actually pay bovell added,neutral,Fashion
thats exactly happened levi strauss last year,postive,Fashion
brand launched partnership dutch company lalalandai allows customised aigenerated model,neutral,Fashion
release company said,neutral,Fashion
lalalandai us advanced artificial intelligence enable fashion brand retailer create hyperrealistic model every body type age size skin tone,negative,Fashion
bodyinclusive avatar company aim create inclusive personal sustainable shopping experience fashion brand retailer customer,neutral,Fashion
move met public backlash critic referred problematic racist,neutral,Fashion
clothing company later updated statement,neutral,Fashion
scaling back plan live photo shoot use live model commitment working diverse model,postive,Fashion
authentic storytelling always part weve connected fan human model collaborator core experience,postive,Fashion
company taking model picture completely,postive,Fashion
last year vogue brasil vogue singapore included aigenerated model respective cover place human model,neutral,Fashion
company like deep agency created aigenerated model model clothes,neutral,Fashion
danny postma made tool said post social medium platform known x help marketer social medium influencers,postive,Fashion
response thread substantial public backlash among applause,neutral,Fashion
critic said concept deeply unethical undermined work model involved process like photographer,neutral,Fashion
others accused company cash grab also referred move dystopian,neutral,Fashion
one user called postma saying,neutral,Fashion
im sure also strong proposal aid everyone whod lose job tech like succeeds right,postive,Fashion
everything alright long make cash,negative,Fashion
good solution brings even problem attempt solve,postive,Fashion
tool longer open beta testing,neutral,Fashion
postma according linkedin profile experience fashion photography created string ai product,neutral,Fashion
tanksai reportindicated fashion aiready industry highest proportion airelated role four hundred and forty-four retail ecommerce sector lowest proportion requiring ai nine,neutral,Fashion
receive email shortly,neutral,Fashion
please check download report,neutral,Fashion
gold standard business intelligence,neutral,Fashion
find,neutral,Fashion
research claim fashion leading brigade encompassing element design buying tank add surprise given sector fastpaced competitive leading company embrace ai,neutral,Fashion
report detail use data analytics fuelled ai also solve fashion sector biggest challenge like speeding design production proactively identifying new trend aligning supply demand reduce waste,negative,Fashion
although retail ecommerce ranked bottom report highlight retailer incorporate ai element drive sale loyalty whether sell online instore datadriven insight assisting retailer improving forecasting capability protecting margin transforming customer experience,neutral,Fashion
martin harris head digital tank belief like numeracy literacy likely see data ai literacy become requirement many technical nontechnical role,postive,Fashion
access comprehensive company profile market powered globaldata,neutral,Fashion
save hour research,neutral,Fashion
gain competitive edge,neutral,Fashion
download email arrive shortly,neutral,Fashion
confident unique quality company profile,postive,Fashion
however want make beneficial decision business offer free sample download submitting form,postive,Fashion
martin harris head digital tank said there doubt ai transforming employment landscape id argue good thing,postive,Fashion
removing lot labourintensive drudge work giving people rewarding opportunity drive success business,postive,Fashion
emotional intelligence always human trait,neutral,Fashion
replicated authentically machine improve strength trait backing evidence,neutral,Fashion
year particular feel like ai come age technology powerful human judgement oversight important ever,postive,Fashion
"according job filing data shared globaldata apparel industry posted eight thousand, eight hundred and sixty-five active job related requiring theme artificial intelligence ai period november two thousand and nineteen november two thousand and twenty-three",negative,Fashion
"ai secondmost sought theme followed u macro outlook eight thousand, five hundred and ninety-nine job posted",neutral,Fashion
global macro outlook job lead way period,neutral,Fashion
certainly seeing ai growing prominence come apparel industry,postive,Fashion
amckinsey co reportcalled overallfinancial impact gen ai fashion industry significantand recently theus customer border protection cbp asked report ai used trace supply chain custom control,neutral,Fashion
signal coverage powered byglobaldatas thematic engine tag million data item across six alternative datasets patent job deal company filing social medium mention news theme sector company,postive,Fashion
signal enhance predictive capability helping u identify disruptive threat across sector cover company best placed succeed,postive,Fashion
receive email shortly,neutral,Fashion
please check download report,neutral,Fashion
chief marketing officer atlaunchmetrics leading brand performance cloud fashion lifestyle beauty,neutral,Fashion
era digital native reign supreme digital landscape continues rapidly evolve fashion lifestyle brand facing unique set challenge,postive,Fashion
captivate attention today techsavvy consumer company harnessing transformative power artificial intelligence ai personalization datadriven strategy effective,neutral,Fashion
ai transcended buzzword status become driving force marketing fashion lifestyle brand,neutral,Fashion
fusion ai fashion isnt convenience creating meaningful connection,postive,Fashion
way ive found technology effective,postive,Fashion
aigenerated content one example help make difference reshape fashion lifestyle industry,neutral,Fashion
many marketer already using ai content creation curation least looking,postive,Fashion
crafting compelling product description generating fashionforward content ai collaborates human creativity fuel brand storytelling,postive,Fashion
fusion art science resonates aesthetically driven audience save professional time effort,postive,Fashion
look like action,postive,Fashion
sophisticated ai drum snappy engaging copy content strategy inspiration flash backed extensive global online research take place second,postive,Fashion
collate thought fresh take topical industry news might missed underpinning journey building thought leader status increasing campaign content interaction online offline,postive,Fashion
breath must employ considered proofing approach avoid ai bias hallucination way keep full control brand story deliver correct message evoking desired response process,postive,Fashion
beyond personalization trendits consumer expectation,neutral,Fashion
statistic show that71 consumersexpect company provide personalized interactionsais prowess lie ability analyze vast data set understand consumer behavioral pattern,neutral,Fashion
enables fashion brand offer hyperpersonalized recommendation predicting consumer want want,neutral,Fashion
might wondering ai utilized offer personalized interaction turn help meet goal,neutral,Fashion
option wideranging,neutral,Fashion
externally brand employ virtual tryon technology consider smart personalized shopping feature,postive,Fashion
latter ai built recognize consumer body shape purchase online interaction offering curated content thats tailored style preference fully adaptable future shifting desire,neutral,Fashion
level personalization resonates deeply digitalsavvy audience making feel understood valued,neutral,Fashion
internally ai powerful enough enhance social medium analytics predict optimize inventory management bolster brand performance holistic onestopshop metric,postive,Fashion
help benchmark result use data inform future strategy confidence,neutral,Fashion
today online landscape understanding audience paramount,neutral,Fashion
segmentation enabled ai help brand divide consumer base distinct group based demographic behavior interest,negative,Fashion
foundation upon personalized campaign built help create content speaks directly target audience,postive,Fashion
way tailored content key successful personalization,postive,Fashion
whether recommending curated collection suggesting complementary product delivering content resonates specific segment personalized strategy create lasting impact,neutral,Fashion
ensuring successful transition requires quality data,postive,Fashion
data isnt buzzword cornerstone modern marketing fuel informed decision,postive,Fashion
fashion lifestyle industry datadriven decision help ensure brand stay relevant,postive,Fashion
data offer invaluable insight consumer preference shopping habit trend,neutral,Fashion
brand make informed decision product development even marketing strategy,neutral,Fashion
benchmarking competitor example strategic move best powered quality data,postive,Fashion
gathering prescriptive insight ensure data clean accurate free error,postive,Fashion
involves removing duplicate handling missing value correcting inconsistency,negative,Fashion
still big data computing often requires sophisticated ai machine learning algorithm difficult build inhouse,neutral,Fashion
critical reflect company need getting started,neutral,Fashion
considering new ai software important review current technological need real benefit holistic tool could bring,postive,Fashion
avoid wasted investment give idea current business capability,negative,Fashion
start pinpointing area department youre facing challenge inefficiency,neutral,Fashion
sample management process leading financial loss impacting medium relationship,neutral,Fashion
marketing team unable grasp strategic nuance new global market,negative,Fashion
inhouse pr team constantly missing important coverage piece,postive,Fashion
next evaluate volume limitation current data,neutral,Fashion
complex offering,negative,Fashion
team handle high volume data difficult identify trend pull actionable insight,negative,Fashion
able make confident future prediction,postive,Fashion
ai fast adept come decisionmaking taking pressure team affording time utilize finding forecast,postive,Fashion
next compare current resource ai potential return investment,neutral,Fashion
review budget infrastructure determine whether resource align business need,neutral,Fashion
analysis current challenge reveal return ai could bring brand,neutral,Fashion
dig deep current pitfall establish whether ai drive cost saving growth process efficiency,neutral,Fashion
youre using outdated technology looking drive brand performance gain competitive edge result may lean toward ai investment justifying investment become clearcut,negative,Fashion
review competition,neutral,Fashion
fashion luxury landscape broad consumer demand trend vary across region,postive,Fashion
competitor brand adopting ai technology improve marketing effort operation important consider similar option stay competitive,postive,Fashion
keep eye fellow brand ass leveraging ai,neutral,Fashion
finally today industry expert offer suite tool datadriven solution tailored fashion lifestyle brand,neutral,Fashion
considering external assistance uncover competitor strategy identify emerging trend measure impact marketing campaign effectivelyits important right people reviewing potential provider,postive,Fashion
decisionmakers best placed understand implication investment ask right question,postive,Fashion
sharing challenge gap process upfront ensure tool implement fit purpose,postive,Fashion
ensure provider train team intricacy software early,postive,Fashion
way technology utilized full potential immediately team get best fully supported underpinned confident capable system,postive,Fashion
digitalsavvy consumer today demand product seek experience connection,neutral,Fashion
many way ai personalization datadriven strategy become linchpin meet expectation,postive,Fashion
industry leader continue shape way brand navigate landscape fashion lifestyle company better equipped ever ensure message resonates modern digital consumer,postive,Fashion
foster brand loyalty drive brand performance,neutral,Fashion
effectively understanding implementing transformative strategy help better connect modern digital consumer propel brand forefront everevolving digital era,postive,Fashion
forbes communication councilis invitationonly community executive successful public relation medium strategy creative advertising agenciesdo qualify,postive,Fashion
cop28 recently concluded dubai promising commitment fashion player undeniable acceleration pace towards positive change across industry since pandemic growing number market player improving effort term diversity inclusion taking measure address negative environmental footprint,postive,Fashion
however change witnessed since two thousand and twenty step right direction fashion player still generally behind sustainability commitment target implement goal paris agreement two thousand and thirty un agenda sustainable development,negative,Fashion
challenge ahead multiple multifaceted production cost affordability end consumer lack unified reporting standard difficulty trace origin material tackle scope three emission,neutral,Fashion
achieve sustainability brand company stakeholder need join force including consumer advocacy group policymakers well government ensure vulnerable economy left behind race climate change adaptation,negative,Fashion
fact higher cost typically involved sustainable fashion significant intention gap consumer company say sustainability action actually take reduce negative impact planet,postive,Fashion
hence real shift need take place business strategy consumption pattern policymakers aim force via stringent standard fashion item approved sale market,postive,Fashion
besides policy maker europe u trying force change via legislation another driving force could game changer pursuit sustainability fashion implementation gen ai,negative,Fashion
technology could indeed transform various aspect supply chain design retail recyclingwaste management,neutral,Fashion
today gen ai become top investment priority many market player fashion industry beyond powerful tool streamlines process foster innovation creativity,postive,Fashion
however critical address ethical consideration bias algorithm environmental impact increased digitalisation industry embrace technology,postive,Fashion
technology continues evolve collaboration market player policymakers ai developer essential harness full potential technology application pursuit sustainability,postive,Fashion
digital fashion look like today,neutral,Fashion
question populated panel week inaugural new code digital fashion summit ran october three thousand and thirty-one,postive,Fashion
taking place london mayfairs royal institute expert insider across fashion design artificial intelligence emerging technology textile gaming industry gathered discus next chapter fashion creative renaissance role web3 play evolution,negative,Fashion
digital fashion arena expected reach forty-eight billion two thousand and thirty-one according toallied research,negative,Fashion
fledgling landscape struggled find place wider highly speculative fashion industry peaking hype two thousand and twenty-one,postive,Fashion
response year since seen brand builder alike streamline potential 3d augmented reality ar artificial intelligence ai web3 accelerating paradigm shift across entire segment,negative,Fashion
speaker fabricant van drest outlier venturesjing dailybreaks key takeaway twoday event brand harness rapidly developing ecosystem,neutral,Fashion
hype cooled two thousand and twenty-two critic quick slate web3 nonfungible token nfts metaverse dead marco marchesi chief technology officer fabricant belief industry still show sign life,postive,Fashion
technology take lot cycle new idea take adopted,postive,Fashion
reality completely figured yet going take lot cycle find steady ground say,postive,Fashion
educating audience technicality digital fashion bolster credibility,neutral,Fashion
there assumption around craft digital fashion dont realize technically challenging practice digital artist stephy fung say,postive,Fashion
dani loftus founder digital fashion house draup also argues clunky earlystage technology prevented widespread adoption,neutral,Fashion
lot people exposed digital fashion first time ever last year loftus say,postive,Fashion
youre making digital dress arm fall people going see confirmation bias,neutral,Fashion
doesnt perform well people turn away,neutral,Fashion
evolution gaming platform social hub business goldmine potentially biggest seismic shift brand reach audience today,postive,Fashion
gen z gen alpha come age unleash spending power brand longer rely outdated marketing tactic magazine campaign celebrity partnership attract eyeball,negative,Fashion
key consumer demographic residing gaming destination like fornite roblox early adopter reaping benefit translating identity robust presence space,postive,Fashion
gaming space sartorial space play philippa morgan chief content officer savant say,neutral,Fashion
brand planting seed space reach audience,neutral,Fashion
attract younger consumer youre going advertise parking lot youre going go kid play,neutral,Fashion
today brand need willing fully engage new ecosystem shy away experimenting image play,negative,Fashion
year saw unprecedented boom generative ai technology potential still yet fully realized fashion,postive,Fashion
remains fundamental issue industry approach machine learning,neutral,Fashion
brand dont get bandwagon product like ai theyll left dust marchesi say discussing brand reticence towards generative system,neutral,Fashion
fashion slowly surely actively reshaped ai,negative,Fashion
september fashion week alone saw coperni collina strada ganni deploy burgeoning tech runway,neutral,Fashion
question whether ai replace creative role like designer pattern cutter image maker remains hot topic,postive,Fashion
fung belief tech cant wont replace human touch,neutral,Fashion
use ai might take role art director creative director ai cant replicate whats inside brain,postive,Fashion
curation come u say,neutral,Fashion
beyond creative scope machine learning also assisting brand making much productive decision across supply chain efficiency environmental standpoint,postive,Fashion
sasha mcfarlane executive director future proof fashion highlight trend cycle moving record speed traditional manufacturing roadmaps cant keep rapid turnover consumer demand,neutral,Fashion
generative ai disrupting process predicting trend customer behavior month advance helping supplier scale waste,negative,Fashion
size global augmented reality virtual reality market estimated thirty-eight billion two thousand and twenty-two projected hit around three hundred and seventy-two billion two thousand and thirty-two according toprecedence research,neutral,Fashion
trailblazer zero10 fffaceme paving way augmented realitypowered experience retail,neutral,Fashion
effort havent gone unnoticed,negative,Fashion
year brand including tiffany co tommy hilfiger coach jd sport tapped ar capture consumer eyeball,neutral,Fashion
beyond novelness moin robertsislam technology development manager fashion innovation agency explains ar emerged premium tool collecting data driving consumer loyalty,neutral,Fashion
speaking one initiative latest ar activation robertsislam note consumer expressed brand loyalty immersive experience,postive,Fashion
ninety percent audience said would pay product understood better valued,postive,Fashion
digital fashion landscape remains fertile ground emerging technology like ar ai web3 already process overturning industry,neutral,Fashion
brand still turning blind eye potential run risk selfsabotage,negative,Fashion
even understanding basic soon indispensable tool loftus argues,postive,Fashion
learning use something like discord server absolutely monumental,postive,Fashion
valuable asset say,neutral,Fashion
there use entering increasingly digitized world without authenticity,neutral,Fashion
marchesi highlight longterm wellintentioned goal behind every digital activation,negative,Fashion
create revenue youre trying create revenue say,neutral,Fashion
there use trying jump bandwagon reason reason solely making profit,neutral,Fashion
two hundred fashion designer showcase digital collection designed help ai tool modelled avatar theworlds first ai fashion weekin new york thursday,postive,Fashion
twoday event hosted ai creative agency maison meta give three winner deal produce design condition physically manufactured,postive,Fashion
predictive tool slash material waste virtual fitting room ai increasingly used manufacturing retail fashion sector,postive,Fashion
ai reshaping industry people feel,neutral,Fashion
sixty designer participating ai fashion week used texttoimage generator midjourney produce image based written prompt help design collection,neutral,Fashion
explain texture length emotion specific better result said alena stepanova whose collection ai fashion week inspired colour landscape nature native kazakhstan,postive,Fashion
digital design allows see one item look different body shape told context,neutral,Fashion
datadriven ai also used inform design predicting trend fashion giving insight consumer preferred colour style,neutral,Fashion
american designer tommy hilfiger partnered hardware service company ibm fashion institute technology use ai todesign clothes based dataabout consumer trend,neutral,Fashion
retail side ai used detect fake optimise pricing clothing resale site help shopper try clothes virtually even choose buy tool uniqlo store recommends product aftermeasuring shopper reaction clothing,negative,Fashion
consultancy mckinsey found company excel personalisation generate40 profitthan,neutral,Fashion
aigenerated model also increasingly used editorial shoot vogue singapore online edition vogue brazil choosing useavatars coversof spring edition year,neutral,Fashion
ai could add to275 billionto apparel fashion luxury sector operating profit according mckinsey report published march,neutral,Fashion
ai model agency lalaland said using ai model is90 fasterthan photoshoots requires sample helping brand reduce waste well save time,negative,Fashion
ai help company predict inventory needed thus minimising overstocking also reduce return rate helping consumer find bettersuited product according holger harreis senior partner mckinsey,neutral,Fashion
designer even hope move fashion industry online entirely cutting physical sample,negative,Fashion
digital fashion house fabricant creates sell fashion collection nonfungible token nfts kind digital asset often linked image piece artwork usually bought cryptocurrencies,postive,Fashion
say using digital sample instead physical garment design development phase clothing canreduce brand carbon footprint thirty,neutral,Fashion
boom ai tool like chatgpt automate certain area work data entry customer service sparked fear thatrobots could poach job,postive,Fashion
use avatar place human model raising similar concern fashion industry makeup artist hair stylist photographer behindthescenes creatives could lose use ai model,neutral,Fashion
new york city model manager greg chan said hard tell much work missed opportunity may completely bypass agency go straight ai,postive,Fashion
model losing job computer fact software able slightly change people skin colour slide switch said chan worry ai manipulate ethnicity reinforce unrealistic beauty standard,negative,Fashion
apparel company levi strauss announced march would partner ai model agency create personal inclusive shopping experience prompting online backlash critic said company hire real model promote diversity,postive,Fashion
company responded partnership would address business efficiency conflated diversity inclusion strategy,neutral,Fashion
calvin wong head laboratory artificial intelligence design hong kong said ai used assistant rather something creates design maintain agency designer ensure creation manufacturable,negative,Fashion
lab hasdesigned ai toolthat allows designer upload draft sketch material colour palette generate design tweaked,neutral,Fashion
need treasure originality inspiration fashion designer wong said,neutral,Fashion
reporting beatrice tridimas editing zoe tabary,neutral,Fashion
get top trend brand industry news fashion beauty wellness straight inbox daily,postive,Fashion
sign glossy daily newsletterhere,neutral,Fashion
generative aiproduced picture imaginary nike collaborationsneakershave circled social medium week,postive,Fashion
thats one example ai used fashion us already valuable vast spanning marketing engineering immersive experience,neutral,Fashion
ai stirred buzz last month thanks new increasingly userfriendly ai tool,postive,Fashion
last week march twenty image editor adobe firefly graphic design platform canva rolled new ai technologysupportingtexttovideo andbrand design respectively,postive,Fashion
specific launch prove ai usefulness forvisual content creation,neutral,Fashion
thats start,neutral,Fashion
industry expert predict ai tool allow quicker seamless workflow allowing worker across field including marketing operation engineering focus creative problemsolving task,postive,Fashion
one fastest moving potentially impactful trend see tech landscape today said roger robert partner consultancy mckinsey coauthor december two thousand and twenty-two generative ai herereport,neutral,Fashion
hyperpersonalization,neutral,Fashion
nextlevel personalization product experience consumer ecommerce site targeted ad instore experience among use case set benefit retailer,neutral,Fashion
date personalization largely done microsegmentation grouping customer according interest age group location,postive,Fashion
youre going see lot automation want deliver hyperpersonalizationsaid brian long ceo personalized mobile messaging platform attentive,postive,Fashion
monday company announced attentive ai tool allowing brand create complete multichannel campaign using ai insight effective content fourteen trillion attentive data point,postive,Fashion
far major retail brand using tool beta reporting one hundred and forty-eight revenue increase,postive,Fashion
lot brand going generative imagemaking platform generate marketing image leverage product product catalog paired background foreground imagery based text prompt enter,neutral,Fashion
theyre personalizing image setting lighting element said long,negative,Fashion
ai us database image paired text prompt select fitting setting element,postive,Fashion
case result productionready image send,neutral,Fashion
case help figure theyre looking final shoot long said tool allows brand customize marketing imagery different geographical region almost cost,negative,Fashion
attentive ai develops copy campaign wellour biggest challenge always getting marketing copy completed timely manner said jason edward director ecommerce streetwear brand hat club,postive,Fashion
main surprise close final attentive ai allows u get copy step finalize,postive,Fashion
able significantly cut content creation time turn allow u build better campaign better segment customer,postive,Fashion
visual merchandising collection creation,neutral,Fashion
ai could also solve problem visual merchandising,neutral,Fashion
brand open store location need visual merchandising express brand identity globally also tailored context store,neutral,Fashion
head visual merchandiser rarely lay every store brand fleet due cost time constraint,postive,Fashion
able train learning program based instinct intuition best virtual visual merchandiser using ai could bring voice style capability shop door season said robert,postive,Fashion
robert also noted creative application ai business,postive,Fashion
brand able use generative ai technology synthesize note sketch idea collection,postive,Fashion
ai combined operational financial perspective well merchandising marketing create collection price margin sustainable brand good customer,postive,Fashion
apart levi strauss co using ai show wider range diversemodelson website channelswere also using ai enhance differentiate loyalty program offering personalized benefit member helping u achieve meaningful growth enrollment revenue app registrationssaid dr amy gershkoff bolles global head digital emerging technology strategy levi strauss cofor example personalized benefit include localized discount based popular product area,postive,Fashion
since expanding loyalty program europe last year brand reached five million member worldwide,neutral,Fashion
ai help u provide personalized product recommendation website mobile app based consumer data specific market said gershkoff bolles,neutral,Fashion
also leveraging consumer mobility data customize store unique need interest local consumer open new store greatest demand,postive,Fashion
finally said ai powering levi promotion analyzing stock category product likely benefit sale,neutral,Fashion
noted example including midseason endofseason sale well black friday sale u europe,negative,Fashion
web3 brand,neutral,Fashion
web3 brand already implementing ai creative process,postive,Fashion
charli cohen founder 2yearold web3 brand rtlss said studio used generative ai speed coding development work allowing ai create code optimized workflow,neutral,Fashion
also using create usergenerated content,neutral,Fashion
progressively integrating ai year said cohenour next drop use ai gamify minting postmint experience,neutral,Fashion
ugc toolkit currently building also include backend process like validating asset managing ip protection theyll automated enhanced ai,neutral,Fashion
ai used analyzean nfts blockchain transaction history ensure nft original duplicate,postive,Fashion
itcan also analyze content nft art ensure original violate copyright law,postive,Fashion
one physical fashion brand active web3tommy hilfiger experimenting ai engage customer incocreation,negative,Fashion
specifically metaverse fashion week,neutral,Fashion
giving consumer opportunity design item brand signature preppy style using generative ai,neutral,Fashion
fashion show,neutral,Fashion
even fashion show already undergone somewhat atransformation set undergo change due ai,negative,Fashion
matthew drinkwater head emerging technology company fashion innovation agency experimenting ai us catwalk since leading aifocused course london college fashion pandemic,neutral,Fashion
student able showcase final work two thousand and twenty drinkwater worked fia using archival show footage skeletal data moving model create virtual runway show,postive,Fashion
project reimagined year include photorealistic model ai released march twenty-one via linkedin,neutral,Fashion
earlier catwalk huge amount manual labor work involved said drinkwater,postive,Fashion
thats say wasnt case time specific skill set required deliver tool creating kind experience much manageable,postive,Fashion
thats especially availability ai tool like text prompttovideo ai platform runway ai launched week,neutral,Fashion
video component going take next level engagement,neutral,Fashion
image obviously cool video people stop look take time said long,postive,Fashion
runway project year fia used ai prompt tool midjourney stable diffusionthey took image luxury brand inspired trained ai model understand look applied look one particular male model create photorealistic video,postive,Fashion
drinkwater agreed robert human element even necessary within fashion experimentation creativity ai,neutral,Fashion
however said new photorealistic opportunity help facilitate mass adoption digital fashion,postive,Fashion
note ai faster implement metaverse,neutral,Fashion
metaverse combination many thing come together right way create really great experience,postive,Fashion
thats case ai said robert explaining current software add feature make better,postive,Fashion
doesnt require everyone show headset create entirely new platform,postive,Fashion
thats shorter hype cycle everyone talking ai people using cforelevant impact,neutral,Fashion
company aiming cut cost due recessionrelated concern ai use could leveraged cut labor cost,negative,Fashion
bottomline impact suggests something need top mind ctos cfo,postive,Fashion
many case replace repetitive part human work allowing staff carry project quickly replacement,postive,Fashion
drinkwater added combination thing put together like use machine learning artificial intelligence immersive experience start deliver nextgeneration immersive experience,negative,Fashion
image courtesy christiane lemieux,neutral,Fashion
study titledhow complex system get engaged fashion design creation using artificial intelligence published journalthinking skill creativityaimed investigate practical applicability ai model implement creative fashion design work human designer,negative,Fashion
thank,neutral,Fashion
gold standard business intelligence,neutral,Fashion
find,neutral,Fashion
download email arrive shortlywhile wait take look free recommend buyer guide,postive,Fashion
research note use ai fashion industry grown significantly recent year,neutral,Fashion
example already used personalise fashion recommendation customer optimise supply chain management automate process improve sustainability reduce waste,negative,Fashion
however creative process fashion design continue human driven little research use ai fashion design designer often included research,postive,Fashion
assistant professor lead author study yoon kyung lee keen find could effective collaboration human ai purpose creative design explained time ai deeply ingrained life study started instead considering human better ai,postive,Fashion
access comprehensive company profile market powered globaldata,neutral,Fashion
save hour research,neutral,Fashion
gain competitive edge,neutral,Fashion
download email arrive shortly,neutral,Fashion
confident unique quality company profile,postive,Fashion
however want make beneficial decision business offer free sample download submitting form,postive,Fashion
study started generating new textile design using deep convolution generative adversarial network dcgans cyclegans,postive,Fashion
output model compared similar design produced design student,neutral,Fashion
comparison revealed design produced similar biggest difference uniqueness originality seen human design came person experience,neutral,Fashion
however use ai repetitive task could improve efficiency designer free time focus highdifficult creative work,postive,Fashion
research also suggests aigenerated design could used learning tool people lack expertise fashion want explore creativity ai could assist creating design,neutral,Fashion
following study finding professor lee proposing humanai collaborative network integrates gans human creativity produce design,neutral,Fashion
professor lee also defined studied various element complex system involved humanai collaborated design established humanai model designer collaborates ai create novel design idea,negative,Fashion
model allows designer share creative process idea others system interconnect evolve improve design,postive,Fashion
professor lee belief fashion industry leverage foresee change fashion industry offer recommendation cocreation service,neutral,Fashion
setting xobjectives variable limit part designer job humanai collaborative design environment suggests work go beyond visual aspect instead cover variety discipline,neutral,Fashion
concludes future everybody able creator designer help ai model,postive,Fashion
far professional fashion designer able design showcase clothes,postive,Fashion
future possible anyone design clothes want showcase creativity,neutral,Fashion
download email arrive shortly,neutral,Fashion
wait take look free recommend buyer guide,postive,Fashion
give business edge leading industry insight,neutral,Fashion
ai fashion industry,neutral,Fashion
long human started wear clothes wed desire express individuality one way achieve fashionthe fashion industry one biggest world estimated three trillion dollar two thousand and eighteen representing two percent global gdp,negative,Fashion
much brickandmortar traditional retail well online ecommerce dedicated sale clothing fashion item,postive,Fashion
much amazon acquired shoe retailer zappos one billion two thousand and ten major retailer walmart target amazon others entered fashion retail business brand brand partnership,postive,Fashion
despite established nature fashion industry ai fundamentally transforming industry way fashion company manufacture product way marketed sold,neutral,Fashion
ai technology transforming fashion industry every element value chain designing manufacturing logistics marketing sale,neutral,Fashion
ai helping promote sell fashion good,postive,Fashion
fashion industry much creating demand brand awareness manufacturing fashion product,postive,Fashion
clothing apparel brand constantly looking new way get good front buyer create awareness demand market,postive,Fashion
increasinglyfashion brand using ai machine learningto maximize user shopping experience improve efficiency sale system intelligent automation enhance sale process using predictive analytics guided sale process,postive,Fashion
fashion brand also starting leverage conversational assistant chatbots voice assistant device amazon alexa apple siri google home microsoft cortana,neutral,Fashion
using conversational interface fashion brand gather data asking customer question understanding customer desire trend diving deeper purchase pattern suggesting related addon item,neutral,Fashion
example customer need new shoe dress instead interacting website mobile app simply conversation intelligent conversational agent,postive,Fashion
back forth dialog customer find optimal fashion product accessory item,neutral,Fashion
interaction provides greater satisfaction customer much valuable information fashion brand,postive,Fashion
addition conversational system ai making way ecommerce mobile apps,neutral,Fashion
customer able take picture clothing like style want imitate smart image recognition system match photo real life item available sale,postive,Fashion
additionally aienabled shopping apps allow customer take screenshots clothes see online identify shoppable apparel accessory photo find outfit shop similar style,neutral,Fashion
aienhanced fashion design manufacturing,neutral,Fashion
documentary minimalism share beup fifty-two season clothing,neutral,Fashion
given constant change fashion design retailer need consistently keep current trend predict consumer preference next season,postive,Fashion
traditionally retailer base estimate current year sale data prior year,negative,Fashion
always accurate sale influenced many factor hard predict changing trend,postive,Fashion
aibased approach demand projection however reduce forecasting error much fifty percent,postive,Fashion
clothes designed ai technology also play role textile manufacturing,neutral,Fashion
fashion manufacturer innovating use ai help improve efficiency manufacturing process augment human textile employee,neutral,Fashion
ai system used spot defect fabric ensure color finished textile match originally designed color,postive,Fashion
ai technology computer vision technology allowing quality assurance process streamlined,neutral,Fashion
whereas used ecommerce giant amazon walmart used machine learning algorithm figure sale trend small retailer also leveraging machine learning understand dynamic fashion market may provide better chance succeedintelligent aienabled system also help provide greater intelligence fashion brandsby identifying pattern predictive analytics provide insight fashion trend purchase pattern inventoryrelated guidance,postive,Fashion
one company forefront innovation ai applied fashion stitch fix online personal styling service,neutral,Fashion
company using machine learning algorithm provide better customer experience customer make supply chain efficient,postive,Fashion
machine learning technology also applied expediting logistics making supply chain efficient,neutral,Fashion
ai used manage optimize supply chain well reduce shipping cost transit time,neutral,Fashion
machine learning algorithm used make accurate prediction inventory demand therefore reduce wastage eliminate last minute purchase meet unexpected spike demand,postive,Fashion
computer vision enabled machine learning also used help spot fashion fake counterfeit product,negative,Fashion
previously spotting fake required trained eye specialized custom enforcement officer,negative,Fashion
ai system keep consistent watchful eye counterfeit product look increasingly similar real one,postive,Fashion
area ai technology applied custom border enforcement help spot validity highend product frequently counterfeited purse sunglass,postive,Fashion
seeing ai technology add value every part fashion industry design process manufacturing process sale marketing finished good,postive,Fashion
future fashion intelligent sure,postive,Fashion
role artificial intelligence ai fashion industry wider commerce sector growing rapidly,negative,Fashion
according january study capgemini research institute technology capgemini predicts could save retailer much three hundred billion dollar two hundred and thirty-five billion pound used quarter twenty-eight percent retailer two thousand and eighteen significant jump seventeen percent two thousand and seventeen four percent two thousand and sixteen,postive,Fashion
technology well truly used throughout fashion industry supply chain sourcing design manufacturing retailnikehmandriver islandare example fashion company recently invested invested ai,neutral,Fashion
another fashion giant investing technology german etail giant zalando,neutral,Fashion
october company launched algorithm fashion companion afc algorithm us machine learning suggest outfit customer,neutral,Fashion
james healey vice president inspire engage zalando lead multifunctional team engineer product manager designer retail expert develop new way shopper discover fashion,postive,Fashion
fashionunited spoke healey success afc since launch zalando website october future plan developing technology potential ai hold within fashion industry,postive,Fashion
zalando done great job providing wide collection item weve realised based customer feedback lot shopper two thing mind one keen explore look inspiration proving zalando place purchasing fashion place inspired,postive,Fashion
always try make sure product range broad enough shopper often feel overwhelmed four hundred thousand item sell,postive,Fashion
seeing increase engagement shopper coming back frequently theyre looking snackable content theyre hard time finding amount content,negative,Fashion
notice customer interact theyre looking individual product drive inspiration theyre thinking product context entire outfit,neutral,Fashion
want know style trend occasion might want buy,neutral,Fashion
dont start mindset want new pair high heel want new dress think want something wear festival weekend wedding without real understanding exact article clothing looking,postive,Fashion
outfit really great way filling gap,postive,Fashion
creating outfit manually created great sense style something hard u scale,postive,Fashion
thats created afc,neutral,Fashion
zalon curated styling service eight hundred stylist manually select outfit use create machine learning step dynamically create curated outfit scale million customer,neutral,Fashion
main benefit customer go use zalon experience work real stylist many want something easy seamlessly swipe quickly explore outfit,postive,Fashion
thats trying,neutral,Fashion
great really see shopper engaged,postive,Fashion
see outfit recommendation driving forty percent larger basket size twice high conversion rate compared single item,postive,Fashion
insight decided invest scalable outfit solution know afc,neutral,Fashion
started long term vision mind whereby shopping experience wouldnt much navigating product navigating outfit result really confirming u going right direction meaning continuing make lot investment area,postive,Fashion
outfit manually created zalon stylist tagged actually know contextually part outfit know exactly article used shoe bag,postive,Fashion
also add dimensional fact style article trend supporting type occasion used,postive,Fashion
attribute allow u able say well know shoe match dress recommendation style synergy added enrichment based two million plus outfit,postive,Fashion
yes,neutral,Fashion
look gender male demographic high engagement,postive,Fashion
delve deeper see customer varying degree style confidence weve found three main customer type actively seeking certain item really prone seeking style advice,postive,Fashion
others searching inspiration side might looking particular dress pair shoe idea people might wearing festival summer want understand new trend,postive,Fashion
last group sort outlier customer already high level style confidence,postive,Fashion
customer really doesnt want recommended outfit accurate otherwise credibility hurt considerate recommend outfit customer,postive,Fashion
really unique customer arent particularly looking fashion advice may push ai style finder feature lower page making le likely find wont show based well reacted past,postive,Fashion
think always need stylist,neutral,Fashion
ai opportunity u scale customer unique need enjoy experience working stylist really find something feel help style confidence,postive,Fashion
think personal touch stylist offer wont go away,neutral,Fashion
absolutely,postive,Fashion
consider beauty core part fashion part overall outfit,neutral,Fashion
difficult part training set used zalon dont actually beauty product hard create level sophisticated recommendation outfit,negative,Fashion
working beauty team zalon team try figure create data point help u train algorithm,neutral,Fashion
photo courtesy zalando,neutral,Fashion
january previously pixel made realworld splash catwalk paris fashion week,negative,Fashion
model futuristiclooking clothes designed collaboration fashion house acne studio artist programmer robbie barrat designed artificial intelligence ai,negative,Fashion
design collection idea jacket look like pair trouser say jonny johansson creative director acne studio,postive,Fashion
computer doesnt know jacket,neutral,Fashion
try learn image gave creates idea,neutral,Fashion
freeing could design jacket thats like parallel universe,neutral,Fashion
barrat well known world ai generative art,neutral,Fashion
two year ago code devised used create artwork sold christie three hundred and thirty-seven thousand first kind,postive,Fashion
since barrats method form machine learning called generative adversarial network gan used range creative pursuit fromhelping write albumstoautomating cgi,postive,Fashion
high fashion design small part total fashion industry trade spanning supply chain style suggestion large scale manufacturing,postive,Fashion
ai subset neural networkpowered machine learning set transform wear consume clothes process might even help improve planet,neutral,Fashion
though acne studio futuristic clothes first example ai catwalk startup playing gangenerated clothes far longer,postive,Fashion
machine learningis kind artificial intelligence us vast quantity data predict learn certain outcome without preprogrammed,postive,Fashion
aneural networkis series algorithm work bit like human brain,neutral,Fashion
theyre used machine learning spot pattern comparing template new data,postive,Fashion
agenerative adverserial networkgan kind machine learning system one neural network train another,postive,Fashion
typically consists generator network creates random version image example second discriminator network judge accurate generated image according criterion,negative,Fashion
student mit experimented help ibm produce artificial intelligence idea whattommy hilfiger look like realised application could far larger,negative,Fashion
last yeartwo graduate course launched aipoweredbrand called covenai producing unconventional unique design powered gantechniques barrat used design acne studio catwalk show,postive,Fashion
another fashionstartup used google generative ai churn outtshirts made doodle data,neutral,Fashion
larger scaleindian fashion business myntraused inhouse aipowered software ratatouille suggest new clothing design cutting design process six month one,negative,Fashion
throw question around relationship designer neural network say matthew drinkwater head london college fashion innovation agency,neutral,Fashion
computer designing use collaborative tool,neutral,Fashion
unsettling think clothes may designed something human far aspect fashion industry affected algorithm,negative,Fashion
amazon echo look announced three year ago ability algorithmically decide outfit wear many observer envisioned new era computerchosen style choice,postive,Fashion
wasnt inconceivable imagine world aipowered recommendation advice like look suggested piece aidesigned clothing range like acne studio new offering,postive,Fashion
amazon drone would carry delivery human involved process postman carrying door,neutral,Fashion
even model showcased aigenerated clothes threatened becoming obsoletevirtual influencers like miquelaattract million follower ten million pound,postive,Fashion
reality uptake fashion industry large much slower,postive,Fashion
there huge universe ai category created moment fashion industry last one adapt say hasna kourda ceo founder save wardrobe,postive,Fashion
industry skeptical digital world whole ai kourda tell metrocouk,negative,Fashion
taken decade website ecommerce even landing page,neutral,Fashion
however pace takeup ai machine learningpowered tech begun increase,neutral,Fashion
crawl web fashion photography much like google information say kostas koukoravas ceo founder intellistyle,postive,Fashion
focus specifically fashion imagery looking image put together human stylist social medium catalogue retailer website use imagery analyze understand style mean,negative,Fashion
concept style whats considered fashion arent human anymore,neutral,Fashion
instagram like twitter hashtags googledistributed display advertising influential people buy magazine editor fashion designer,neutral,Fashion
tastehas always arbitrary often decided royalty cadre magazine editor difference would make decided designed machine instead,negative,Fashion
ai understanding customer styling preference quite often outperforms human stylist koukoravas tell metrocouk,neutral,Fashion
london fashion week last year pitted ai choice human stylist asked audience select one like best,postive,Fashion
seventy audience preferred combination ai provided,neutral,Fashion
youre preparing getting next clothing recommendation machine might want think,neutral,Fashion
likely interaction might machine person assisted ai,neutral,Fashion
human recommending something customer much better result say koukoravas,postive,Fashion
ai still doesnt empathy communication ability human,neutral,Fashion
better picked clothes could help fast fashion industry sustainable,postive,Fashion
study mark spencer found thatadults uk regularly wear forty-four percent clothing,neutral,Fashion
theory better chosen clothes suggestion wear might reduce thirty-six billion unworn clothes left nation wardrobe,postive,Fashion
looking perspective ai help make right decision say koukoravas,postive,Fashion
opposed going buying something mindless coming back home thinking hey havent got anything match,negative,Fashion
christopher wylie whistleblower turned hm data scientist told fashion conference last year producing le get,neutral,Fashion
industry retailer regularlydestroy million pound worth unused stockor send mostly fossil fuelbuilt clothes landfill huge problem solve,postive,Fashion
walk store high street across country typically theyll identical product say matthew drinkwater head london college fashion innovation agency,negative,Fashion
doesnt make sense consumer one location let say west end london would buying thing perhaps south coast cornwall,neutral,Fashion
product like intellistyle save wardrobe aipowered suggestive technology based clothes already aim help reduce crisis,neutral,Fashion
people aware wasteful consumer behavior say save wardrobe ceo hasna kourda,postive,Fashion
theyre taking stand looking tool help make better decision,postive,Fashion
though fashion industry may slower others take ai expert predictingenormous growth coming year,neutral,Fashion
really allows people focus creative aspect fashion opposed mundane repetitive work say intellistyles koukoravas,postive,Fashion
human always need creative ai support,postive,Fashion
warning large job redundancy loomed large many industry like koukoravas kourda optimistic potential change,postive,Fashion
maybe one day everybodys tool,neutral,Fashion
dont know going wanted try see work say johnasson,neutral,Fashion
tip way technology transforming industry,neutral,Fashion
leave comment youd like u look next,neutral,Fashion
privacy policy,neutral,Fashion
world everevolving metaverse web3 technology artificial intelligence ai currently one talked one enigmatic form tech making round,negative,Fashion
sparking debate could considered art design innovation certainly ushered new albeit ambiguous formula creation digital age,postive,Fashion
ai combination computer science data alongside machine learning develop algorithm create system prediction analysis based inputted data,neutral,Fashion
machine utilised within technology mimic human mind learn improve time order adapt process,neutral,Fashion
come art design ai applied way possible create constant stream content,neutral,Fashion
yet actual process producing ai imagery involves plenty trial error,neutral,Fashion
entering platform creator asked provide prompt generic specific desire,neutral,Fashion
machine begin learn understand asked produced image become closer closer desired output,neutral,Fashion
slightest adaptation prompt transform imagery explored detailed finished product,postive,Fashion
like music art fashion design creative field become subject ai tech sector rapidly evolving line accelerating interest,postive,Fashion
expert field also currently exploring whether ai creative without human intervention look understand depth communication people machine,postive,Fashion
topic ai particularly gained traction late last year technology like chatgpt lensa ai midjourney began making round sparking debate around use ai creation,negative,Fashion
argue technology could perceived form copying potentially present range ethical issue including encouraging mass production others see new form creative outlet providing designer artist accessible tool evolve creation,postive,Fashion
similar discussion recently brought light nft space artist mason rothschild taken court hermÃ¨s luxury brand accusing stealing design create digital asset made one million dollar sale,postive,Fashion
ultimately jury ruled favour french luxury brand determining rothschild indeed profited name,neutral,Fashion
ruling eye expert set precedent similar case technology fashion could handled future drawing parallel ongoing ai discourse,neutral,Fashion
technology evolves could advancement actually benefit industry moving forward,neutral,Fashion
creatives ai opened door looking fresh way enter industry array online tool free paid allow almost anyone access technology,postive,Fashion
product heavily adopted public new breed artist designer redefining mean creator modern day,negative,Fashion
field skjellerup ai artist behind instagram account ai_clothingdaily exactly title profile say creating daily ai clothing,negative,Fashion
design realistic comment page filled people asking order piece,postive,Fashion
look range ai iteration nike shoe complete heavy embellishment intricate embroidery full runway outfit donned similarly artificial model,negative,Fashion
noted skjellerups first venture fashion world,postive,Fashion
creator also operates research platform marketplace luckynumber8 collect often sell vintage archival garment,neutral,Fashion
closely link ai work draw inspiration past designer runway collection well material would like experiment,negative,Fashion
speaking fashionunited said process working ai way collaborative approach give input wait generative image respond accordingly,neutral,Fashion
even initial idea outcome could totally different depending ai responds,neutral,Fashion
really enjoy sense mystery surrounding tool,postive,Fashion
skjellerups eye ai important tool design belief technology doesnt take away artist instead enhances creative potential,postive,Fashion
added ability rapidly generate large group image make initial concept stage highly productive push idea beyond could become otherwise,postive,Fashion
would like see ai design tool democratisation design process,neutral,Fashion
see role designer consumer blur one,neutral,Fashion
fashion much top industry blurring role could lead exciting possibility,postive,Fashion
criticism format presently unavoidable individual within outside sector say constitutes design,neutral,Fashion
also something skjellerup acutely aware however perception remains resilient,postive,Fashion
asked view possibility misconception surrounding topic said heard people within industry refer assisted creativity tool become accessible see become norm,postive,Fashion
feel like people either havent tried ai creative tool ready pas judgement scared possibility job loss within sector,postive,Fashion
think valid concern must remember job loss come people position power making decision tool,neutral,Fashion
hesitancy surrounding ai place design become increasingly analysed recent study expert look investigate practical applicability ai creative design process,postive,Fashion
concept yoon kyung lee professor pusan national university korea explored study thinking skill creativity,neutral,Fashion
carry research lee started generating textile design using ai software compared model work design student,neutral,Fashion
result found design similar however distinct uniqueness originality seen humanmade design often derived person experience,postive,Fashion
lee note use ai repetitive task could improve efficiency process provide good learning tool lack expertise industry,postive,Fashion
professor proposed humanai collaborative work therefore effective instance particularly work link variety discipline beyond visual aspect gone begin developing process model applied,postive,Fashion
speaking report lee said future everybody able creator designer help ai model,postive,Fashion
far progressional fashion designer able design showcase clothes,postive,Fashion
future possible anyone design clothes want showcase creativity,neutral,Fashion
lee deduced isnt clothing design ai serf purpose,neutral,Fashion
retailer increasingly implementing technology ecommerce online marketing strategy taking advantage ability enhance customer experience possibly ensure sustainable production process,neutral,Fashion
particularly popular among ongoing ecommerce evolution often applied retailer website provide accurate product recommendation data collection make search discovery efficient,postive,Fashion
surge company putting use technology order provide retailer solution look expand consumer experience,neutral,Fashion
one perfect corp tech firm offer aipowered tryon experience ecommerce allowing consumer try product comfort home,postive,Fashion
feature enables fast analysis offer shopper customised product recommendation efficiently matching product consumer need heightening confidence purchase,postive,Fashion
speaking fashionunited alice chang ceo founder perfect corp noted benefit product stating fashion brand provide customer personalised shopping experience boost customer satisfaction decreasing product return,postive,Fashion
solution also enable sustainable business operation allowing brand reach esg goal decreasing excess waste emission generated product sampling return process,negative,Fashion
chang perspective implementing technology also crucial staying relevant today shopper increasingly leaning personalised digital advancement make purchasing decision,postive,Fashion
chang added advancement ai recent year greatly accelerated allowing brand transform consumer journey improving sale engagement customer loyalty,postive,Fashion
consumer shopping habit shifting happening across multiple channel retail space,neutral,Fashion
look future ai grow play larger role across industry empowering consumer shop personalised interactive way,neutral,Fashion
plan levi test virtual clothing model generated artificial intelligence drew swift backlash industry late last month,negative,Fashion
furor mainly focused diversity concern retailer proposal also stirred anxiety simmering industry year,postive,Fashion
critic levi strauss co partnership ai design firm lalalandai aimed show online shopper different type people wearing levi garment accused retailer looking inexpensively address issue representation potentially pushing professional model job process,negative,Fashion
hire model book agency stylist makeup feed set cost money said shawn grain carter professor fashion business management fashion institute technology new york,postive,Fashion
let make mistake levi save money,neutral,Fashion
levi spokesperson referred statement companydenied intention save costswith project,neutral,Fashion
retailer said ai model planned introduce would supplement replace photoshoots live model,postive,Fashion
lalaland didnt respond request comment,neutral,Fashion
worry technology displacing human labor nothing new theyre far distinct fashion workforce,postive,Fashion
ai used fashion year worker watching expansion space growing alarm,neutral,Fashion
yanii gough model founder yanii model work one hundred model said many still dying get back consistency industry reemerges pandemicrelated disruption,postive,Fashion
rise ai modeling firm client simply send email agency say hey exactly im looking someone find person said referring company book model everything photoshoots fitting,postive,Fashion
precedent concern like goughs,neutral,Fashion
shudu created two thousand and seventeen thought world first digital supermodel booked gig within past year highend brand asbmwandlouis vuitton,neutral,Fashion
shudu designed black woman alsodrew criticismtoward diigitals ai modeling agency created founder cameronjames wilson white,negative,Fashion
today option continue expand brand advertiser looking use ai help market sell clothes,neutral,Fashion
addition lalaland there also deep agency new ai startup allows user create virtual photoshoot either synthetic model ai version real person,postive,Fashion
gough said also worry model image used without permission via ai concern sara ziff founder nonprofit advocacy group called model alliance said hearing well,neutral,Fashion
fit model may replaced ai body scan said adding model try clothes designer manufacturer check sizing silhouette already calling organization growing number,postive,Fashion
ziff said complained company hiring conduct body scan form basis product development without knowledge receiving compensation,negative,Fashion
theyre able design clothes virtually using scan model body rather actually book model person said ziff declined provide example citing model alliance policy maintaining anonymous hotline industry worker flag complaint,postive,Fashion
fashion brand defended ai effort addons benefit shopper ai design studio agency working space similarly describe effort supplemental,neutral,Fashion
lalalands founder example said created company sustainably increase representation fashion,neutral,Fashion
agent management company book model type job ziff described dont legally tell body scan could used project without compensation said,postive,Fashion
ziff advocating proposed fashion worker act new york said would force agency fully disclose scope work pay,postive,Fashion
current law leaf gray area around model right organize union ziff added resulting limited labor protection,postive,Fashion
model considered independent contractor many face heightened risk sued retaliated agency,postive,Fashion
representative professional creative field like thewriters guild america power propose standard best practice ai use industry,postive,Fashion
meanwhile ai model become realistic already impossible many consumer distinguish image human,neutral,Fashion
ashley france influencer criticized levi partnership lalaland said hope regulator step,neutral,Fashion
way put psa somethings ad somethings dietary supplement thankfully something photoshopped feel like type regulation france said,neutral,Fashion
sara ruberg associate producer nbc news,neutral,Fashion
may human responsible design machine forecasting trend informing product decision,postive,Fashion
fact ai becoming integral part technology apparel industry substantiated growth annual spending predicted nearly quadruple two billion dollar two thousand and eighteen seventy-three billion dollar two thousand and twenty-two according juniper research,postive,Fashion
forecasting one example using artificial intelligence fashion industry,negative,Fashion
new technology helping retailer manage inventory using aipowered tool gauge demand,postive,Fashion
chatbots new fashion advisor offering two hundred and forty-seven connection customer help make purchasing decision,postive,Fashion
savvy ai algorithm help tailor product recommendation allow retailer create collection customer want buy,neutral,Fashion
edited retail technology company based london produce realtime data analytics software give retailer access full market data touch button,postive,Fashion
platform help retailer brand trade faster let look entire global market right colour shape pattern used company wide ranging boohoo farfetch tommy hilfiger marni,postive,Fashion
geoff watt edited ceo stated ai helping retailer number way cut core retailer decide stock price fundamental part retail thats real ai benefit layer,postive,Fashion
data marketer keen tell u everything,neutral,Fashion
ai quietly transforming fashion industry end consumer doesnt necessarily fathom online behaviour monitored recorded analysed,neutral,Fashion
example hm us ai keep popular item wellstocked analysing receipt return gauge store need,postive,Fashion
marketing mode many brand analysing social medium data monitor fashion conversation allowing social data inform latest trend market prioritise segment interesting brand,postive,Fashion
one company makersights us data analytics combine factor search query social medium activity ecommerce sellthroughs consumer feedback provide clue likely become trend,postive,Fashion
data limit,neutral,Fashion
data exceptionally useful detect rising trend hit mass adoption anticipate decline trend andrea bell head insight trend forecasting agency wgsn told vogue business,postive,Fashion
cant invent trend,neutral,Fashion
good design come inspiration human touch still irreplaceable,postive,Fashion
photo courtesy edited,neutral,Fashion
two thousand and twenty-three breakout year generative ai use case emerging across fashion sector potential augment accelerate automate fashion business capability writing code amplifying creative process,postive,Fashion
according tomckinsey co latest report overall financial impact gen ai fashion industry significant much quarter value expected driven use case design product development stage value chain,postive,Fashion
gold standard business intelligence,neutral,Fashion
find,neutral,Fashion
business fashionmckinseystate fashion two thousand and twenty-four survey global fashion executive found seventy-three fashion executive said generative ai priority business two thousand and twenty-four le third twenty-eight tried using creative process design product development,postive,Fashion
mckinsey suggests highlight fashion company yet capturing value creative process,postive,Fashion
report read caution understandable,neutral,Fashion
technology could impact job workflow,neutral,Fashion
fashion industry also seen fair share technologicalenthusiasm swiftly sputtered notably metaverse,postive,Fashion
last year started much enthusiasm metaverse since died however mckinseys report suggests generative ai practical application making attractive business investor,postive,Fashion
access comprehensive company profile market powered globaldata,neutral,Fashion
save hour research,neutral,Fashion
gain competitive edge,neutral,Fashion
download email arrive shortly,neutral,Fashion
confident unique quality company profile,postive,Fashion
however want make beneficial decision business offer free sample download submitting form,postive,Fashion
example equity funding generative aifocused startup skyrocketed reaching 141bn first half two thousand and twenty-three alone compared 25bn two thousand and twenty-two,postive,Fashion
fashion sector focus generative ai far oneoff use case cost efficiency customer experience advantage,postive,Fashion
technology also offer potential wider industry disruption,neutral,Fashion
ai already making mark online shopping assistance online retailerzalandoannouncing launch beta chatgptbased natural languagepowered shopping assistant earlier year allows online customer ask question get answer well customised product recommendation,postive,Fashion
u fashion conglomeratekeringand online marketplaceshopifyhave also introduced ai chatbots brand adore methe lingeriecompany recently acquired victoria secret using technology write product description site,negative,Fashion
report add ultimately greatest value may lie using gen ai endtoend way enables enhances creativity,postive,Fashion
example fast fashion gen ai could accelerate design process inject agility trend detection product development leverage analytics data rapidly produce large number new design,postive,Fashion
spanish brand desigual already launched ondemand collection designed using ai tool,neutral,Fashion
company developing generative ai software fashion sector claim technology reduce manual task take day mere hour even second,negative,Fashion
new technology could free designer manual task allowing focus creative work,postive,Fashion
human designer remain key generative ai enable role oriented around curation according report,neutral,Fashion
however report also note word caution potential must communicated clearly creatives ensure technology adopted without undermining role designer,postive,Fashion
continues implemented effectively technology benefit amplify creative process thus augmenting human capability retaining artistic skill knowledge designer,postive,Fashion
ultimately say expert humancentred innovation likely important use ai,postive,Fashion
source globaldata,neutral,Fashion
globaldatas job database suggests last three year december two thousand and twenty december two thousand and twenty-three interest employing individual generative ai grown,neutral,Fashion
online giantamazonis leading way five hundred and thirty-seven job posted time period followed u supermarket retailerwalmartwith thirty-eight job posted,neutral,Fashion
company exploring generative ai role according globaldata include luxury u fashion conglomeratetapestryand u fashion brandabercrombie fitch,neutral,Fashion
signal coverage powered byglobaldatas thematic engine tag million data item across six alternative datasets patent job deal company filing social medium mention news theme sector company,postive,Fashion
signal enhance predictive capability helping u identify disruptive threat across sector cover company best placed succeed,postive,Fashion
